{"steps":29,"_timestamp":1.7464262543384147e+09,"score":-1,"_wandb":{"runtime":14},"_runtime":12.3727406,"_step":16,"loos":6.7068281173706055}