{"_wandb":{"runtime":2155},"loos":1.0111737251281738,"steps":60,"_timestamp":1.7463888053818548e+09,"_runtime":2138.4906156,"_step":161,"score":-1}