{"_timestamp":1.7463914555977485e+09,"_runtime":3.7482961,"_step":3,"score":0,"_wandb":{"runtime":4},"loos":0,"steps":144}