{"loos":0.5735439658164978,"steps":70,"_timestamp":1.746388382680196e+09,"_runtime":1851.6038052,"score":1,"_wandb":{"runtime":1862},"_step":166}