{"score":-1,"_wandb":{"runtime":418},"loos":0.4808039665222168,"steps":200,"_timestamp":1.746422531164306e+09,"_runtime":405.8071889,"_step":48}