{"loos":0.8382292985916138,"steps":103,"_timestamp":1.7463956928424726e+09,"_runtime":9096.755813,"_step":713,"score":1,"_wandb":{"runtime":9111}}