{"_runtime":5.2431975,"_step":5,"score":1,"_wandb":{"runtime":8},"loos":0,"steps":114,"_timestamp":1.7464251431385612e+09}