{"_runtime":2577.7036989,"_step":274,"score":0,"_wandb":{"runtime":2586},"loos":0.5689234137535095,"steps":74,"_timestamp":1.7463950354517329e+09}